{
  "chunk_index": 1,
  "original_count": 2,
  "compressed_summary": "**摘要：**\n\n雷雨夜，叶宇穿越至玄天大陆，从天而降砸毁孤女叶雪的茅草屋。觉醒【轮盘赌】系统后，获得相互矛盾的Buff/Debuff组合：【A级修炼资质保底】（修为永远比认定的妹妹高一小层）与【SSSS家徒四壁】（强制贫穷三年）。精于算计的叶宇立即将叶雪视为\"移动经验包\"，凭借社畜演技说服警惕的少女收留自己。正当他试图用废墟中找到的干粮示好时，Debuff首次生效——野狗抢走食物，强化了叶雪对他的怀疑。故事以\"贫穷修仙\"的荒诞开局展开，埋下男主如何靠系统与算计逆袭的悬念。\n\n**关键要素保留：**\n1. 穿越事件与系统激活\n2. 核心矛盾（强力Buff与极端Debuff）\n3. 人物特质（叶宇的算计/叶雪的警惕）\n4. 关键转折（野狗抢食展现系统机制）\n5. 故事基调（贫穷修仙的黑色幽默）",
  "compression_model": "deepseek_chat",
  "created_at": 1750336902.3506193
}