{
  "key_organizations": [
    {
      "name": "云渺宗",
      "type": "正道宗门"
    },
    {
      "name": "血煞殿",
      "type": "魔道组织"
    },
    {
      "name": "丹盟",
      "type": "中立组织"
    }
  ],
  "main_continent": {
    "name": "东玄域",
    "regions": [
      "青阳城",
      "天断山脉",
      "万妖谷"
    ]
  },
  "power_system": {
    "description": "吸收天地灵气，淬炼己身，逆天而行...",
    "levels": [
      "炼气",
      "筑基",
      "金丹",
      "元婴",
      "化神"
    ],
    "name": "灵气修炼"
  },
  "world_name": "玄天大陆"
}