{
  "chapter_index": 4,
  "protagonist": {
    "name": "古龙",
    "age": 28,
    "level": "筑基四层",
    "status": "云无极亲传弟子，内门大比武冠军，即将进入天池修炼",
    "personality": "坚毅、隐忍、有仇必报、略微财迷、有一点好色但为人正直",
    "abilities": [
      "九天玄剑真诀",
      "云渺剑典"
    ],
    "goal": "洗刷冤屈，成为强者，获取内门修炼资格"
  },
  "inventory": [
    {
      "item_name": "铁剑（已脱锈）",
      "description": "剑身银白，七个符文光芒流转，散发着古老而强大的气息。"
    },
    {
      "item_name": "九天玄剑真诀",
      "description": "与天剑门失传的'九天剑诀'相似，威力巨大。"
    },
    {
      "item_name": "云清瑶的《云渺剑典》精要玉简",
      "description": "云清瑶整理的《云渺剑典》精要，珍贵无比。"
    }
  ],
  "relationships": [
    {
      "name": "古薰儿",
      "relation": "妹妹",
      "status": "病情好转，脸色红润，即将痊愈。"
    },
    {
      "name": "柳彪",
      "relation": "外门管事",
      "status": "被关押，但其靠山赵无延仍在针对主角。"
    },
    {
      "name": "柳嫣然",
      "relation": "宗门天才少女",
      "status": "曾经的青梅竹马，现为内门弟子，关系疏远。"
    },
    {
      "name": "云无极",
      "relation": "师父",
      "status": "对主角寄予厚望，支持主角成长。"
    },
    {
      "name": "云清瑶",
      "relation": "内门师姐",
      "status": "对主角有好感，多次帮助主角，目前被宗主叫去闭关。"
    },
    {
      "name": "楚惊天",
      "relation": "内门天才",
      "status": "敌人，曾威胁主角，在大比武中被主角击败。"
    },
    {
      "name": "赵无延",
      "relation": "执法堂副堂主",
      "status": "敌人，柳彪的靠山，多次针对主角，安排人在大比武上对付主角。"
    },
    {
      "name": "云凌霄",
      "relation": "宗主",
      "status": "对主角表现出兴趣，可能成为主角的未来师父。"
    },
    {
      "name": "莫问天",
      "relation": "天剑门长老",
      "status": "来者不善，对主角的剑法感兴趣。"
    }
  ],
  "current_plot_summary": "古龙拜入云无极门下，修为提升至筑基四层，妹妹薰儿病情好转。古龙在内门大比武中一路过关斩将，最终击败楚惊天夺冠，获得进入天池修炼的资格。同时，古龙发现了父亲古星河可能是云渺宗绝世天才的线索。天剑门长老莫问天突然出现，对古龙的剑法产生兴趣，带来新的危机。"
}