{
  "chapter_index": 3,
  "protagonist": {
    "name": "叶宇",
    "age": 18,
    "level": "凡人（验灵结果为无灵根）",
    "status": "在玉蟾宗弟子选拔中被测出“无灵根”，导致系统Buff失效，选拔失败。因叶雪的苦苦哀求，被执事长老破例收留，成为一名负责劈柴挑水的杂役。目前与妹妹分离，身处宗门最底层，正计划利用杂役身份调查系统真相，并对羞辱自己的赵昊展开报复。",
    "personality": "他是一个表面上看起来有点财迷、生活精打细算、总想翻身、懂得符合时宜的隐忍的“普通(开挂)”修士。但内心深处，他是一个信奉“人不犯我，我不犯人；人若犯我，斩草除根，遇到危机知道跑路，但躲不掉的时候也会拼死一搏”的腹黑老银币。他以守护妹妹、让自己过上好日子为最高行动准则，为此可以不择手段，精于算计。他享受扮猪吃虎的快感，喜欢在心里吐槽一切，总能从危机中寻找到乐子。他知道怜香惜玉，也懂得对敌人冷酷无情，杀伐果断；但对自己的小圈子，却能掏心掏肺，护短到不讲道理。看到众生受苦，也会想出手相助，有些许贤者潜力。有实力但不卖弄，身居高位的时候也能体恤平民，接触过他的底层人会由衷的崇拜他。他最大的秘密，是那份来自异世界的孤独。",
    "abilities": [
      "【轮盘赌】系统（已激活）",
      "【A级】Buff：【修炼资质保底】（效果：修为永远比妹妹高一小层，但在玉蟾宗选拔中并未生效，原因不明）",
      "【SSSS】Debuff：【家徒四壁】（效果：穷三年，已生效）"
    ],
    "goal": "以杂役身份在玉蟾宗生存下去，调查【修炼资质保底】Buff失效的原因，暗中保护妹妹，并寻找机会向赵昊复仇。"
  },
  "inventory": [
    {
      "item_name": "破旧的衣物",
      "description": "身上唯一的财产，有多处补丁。"
    }
  ],
  "relationships": [
    {
      "name": "叶雪（雪儿）",
      "relation": "义妹",
      "status": "在玉蟾宗选拔中测出“黄阶上品冰灵根”，成功被录取为外门弟子。在叶宇选拔失败后，为让他留下而向长老下跪磕头，展现出极深的兄妹情谊。现已与叶宇分开，进入外门弟子区域修炼。"
    },
    {
      "name": "赵昊",
      "relation": "敌对者/仇人",
      "status": "在叶宇测试失败后，当众出言羞辱其为“废物”，并对叶雪表露出玩味的兴趣，彻底激怒了叶宇，成为叶宇在宗门内的首要复仇目标。"
    },
    {
      "name": "执事长老",
      "relation": "玉蟾宗入门选拔的负责人",
      "status": "主持入门选拔的青袍老者，起初铁面无私。后被叶宇兄妹的情谊打动，破例将无灵根的叶宇收为宗门杂役（伙夫）。"
    },
    {
      "name": "云曦",
      "relation": "未来的情感锚点（圣女）",
      "status": "天枢圣地当代圣女，此时与主角远隔万里，毫无交集。"
    },
    {
      "name": "冰月",
      "relation": "未来的朋友/拯救对象",
      "status": "冰之一族当代圣女，此时与主角远隔万里，毫无交集。"
    }
  ],
  "current_plot_summary": "叶宇与叶雪抵达玉蟾宗参加弟子选拔。在残酷的验灵测试中，叶雪被测出“黄阶上品冰灵根”，成功成为外门弟子。然而叶宇却被测出“无灵根”，惨遭淘汰，其系统Buff也未生效。在遭到赵昊的当众羞辱后，叶雪为哥哥下跪求情，打动了执事长老，使叶宇得以杂役身份留在宗门。兄妹二人就此分离，叶宇忍辱负重，开启了在宗门底层扮猪吃虎、调查系统真相并伺机复仇的计划。"
}