{
    "world_name": "玄天大陆",
    "power_system": {
        "name": "灵气修炼体系",
        "levels": [
            "炼气期 (1-9层)",
            "筑基期 (1-9层)",
            "金丹期 (1-9层)",
            "元婴期 (1-9层)",
            "化神期 (1-9层)",
            "更高未知境界..."
        ],
        "description": "修士通过吐纳天地灵气，淬炼肉身，凝聚灵根，结成金丹，孕育元婴，最终化神，超脱凡俗，追寻大道永生。每一境界都伴随着寿元的巨大增长和实力的天差地别。"
    },
    "economic_system": {
        "currency": "灵石",
        "tiers": [
            "下品灵石",
            "中品灵石",
            "上品灵石",
            "极品灵石"
        ],
        "exchange_rate": "1极品灵石 = 100上品灵石, 1上品灵石 = 100中品灵石, 1中品灵石 = 100下品灵石。"
    },
    "item_grading_system": {
        "world_grading": {
            "name": "天地玄黄品级体系",
            "tiers": [
                "黄阶 (下品, 中品, 上品)",
                "玄阶 (下品, 中品, 上品)",
                "地阶 (下品, 中品, 上品, 极品)",
                "天阶 (下品, 中品, 上品, 极品)"
            ],
            "description": "世间万物，无论是功法、武器、丹药还是天材地宝，皆可入品。品级越高，其蕴含的灵力与道韵越是深厚。"
        },
        "system_grading": {
            "name": "轮盘赌系统品级",
            "tiers": [
                "F",
                "E",
                "D",
                "C",
                "B",
                "A",
                "S",
                "SS",
                "SSS",
                "SSSS(特殊)"
            ],
            "description": "主角系统的专属评级，随机获得不同强度的奖励与惩罚。SSSS级为突破规则的特殊存在，目前仅有Debuff【家徒四壁】达到此阶。"
        }
    },
    "main_continent": {
        "name": "东玄域",
        "regions": [
            {
                "name": "玉蟾山脉",
                "description": "绵延数千里，灵气中等，玉蟾宗坐落于此，是主角的起点。"
            },
            {
                "name": "天河坊市",
                "description": "玉蟾宗山下最大的修士交易集市，龙蛇混杂。"
            },
            {
                "name": "古龙之脉秘境",
                "description": "上古龙族陨落之地，机缘与危险并存，是第一卷的核心副本区域。"
            },
            {
                "name": "中央圣城",
                "description": "东玄域大陆的中心，顶级势力汇聚之地，是主角中期的主要舞台。"
            }
        ]
    },
    "key_organizations": [
        {
            "name": "玉蟾宗",
            "type": "正道宗门",
            "status": "东玄域三流宗门，主角的起点。"
        },
        {
            "name": "天枢圣地",
            "type": "一流宗门",
            "status": "坐落于中央圣城，圣女云曦的宗门，实力远超玉蟾宗，是主角中期的主要活动舞台。"
        },
        {
            "name": "冰之一族",
            "type": "古老血脉族群",
            "status": "妹妹叶雪的身世来源，实力强大但受远古诅咒困扰，将在中后期出场。"
        },
        {
            "name": "赵家",
            "type": "修真家族",
            "status": "依附于玉蟾宗的家族势力，初期反派赵昊、赵天的背景。"
        }
    ]
}