{
    "chapter_index": 1,
    "protagonist": {
        "name": "叶宇",
        "age": 18,
        "level": "凡人（未入炼气）",
        "status": "刚刚穿越，砸塌了叶雪的茅草屋，正在努力说服这个警惕的少女收留自己。",
        "personality": "他是一个表面上看起来有点财迷、生活精打细算、总想翻身、懂得符合时宜的隐忍的“普通(开挂)”修士。但内心深处，他是一个信奉“人不犯我，我不犯人；人若犯我，斩草除根，遇到危机知道跑路，但躲不掉的时候也会拼死一搏”的腹黑老银币。他以守护妹妹、让自己过上好日子为最高行动准则，为此可以不择手段，精于算计。他享受扮猪吃虎的快感，喜欢在心里吐槽一切，总能从危机中寻找到乐子。他知道怜香惜玉，也懂得对敌人冷酷无情，杀伐果断；但对自己的小圈子，却能掏心掏肺，护短到不讲道理。看到众生受苦，也会想出手相助，有些许贤者潜力。有实力但不卖弄，身居高位的时候也能体恤平民，接触过他的底层人会由衷的崇拜他。他最大的秘密，是那份来自异世界的孤独。",
        "abilities": [
            "【轮盘赌】系统（已激活）",
            "【A级】Buff：【修炼资质保底】（效果：修为永远比妹妹高一小层，尚未显现）",
            "【SSSS】Debuff：【家徒四壁】（效果：穷三年，已生效）"
        ],
        "goal": "抱紧妹妹大腿，留在她身边，一起进入宗门，开启修仙变强之路，顺便摆脱贫穷。"
    },
    "inventory": [
        {
            "item_name": "破旧的衣物",
            "description": "身上唯一的财产，有多处补丁。"
        }
    ],
    "relationships": [
        {
            "name": "叶雪（雪儿）",
            "relation": "萍水相逢的少女（未来妹妹）",
            "status": "父母双亡，独自在荒山茅草屋艰难维生，对刚砸穿屋顶的陌生人（主角）充满警惕，但内心深处渴望家人。"
        },
        {
            "name": "赵昊",
            "relation": "尚未出场",
            "status": "玉蟾宗外门弟子，此时与主角毫无交集。"
        },
        {
            "name": "执法长老",
            "relation": "尚未出场",
            "status": "玉蟾宗高层，此时与主角毫无交集。"
        },
        {
            "name": "云曦",
            "relation": "未来的情感锚点（圣女）",
            "status": "天枢圣地当代圣女，此时与主角远隔万里，毫无交集。"
        },
        {
            "name": "冰月",
            "relation": "未来的朋友/拯救对象",
            "status": "冰之一族当代圣女，此时与主角远隔万里，毫无交集。"
        }
    ],
    "current_plot_summary": "故事开始于荒山中的一间茅草屋。叶宇刚刚穿越，砸塌了叶雪的家。他正试图用自己的口才和技能说服这个警惕的少女，让他留下来，以开启自己在这个修仙世界的变强之路。【家徒四壁】的威力已开始显现。"
}