{
  "chapter_index": 2,
  "protagonist": {
    "name": "叶宇",
    "age": 18,
    "level": "凡人（未入炼气）",
    "status": "用地球的建筑知识搭建了坚固的新茅屋，彻底赢得叶雪的信任，并正式认她为妹妹。二人已结伴离开荒山，正前往玉蟾宗参加弟子选拔。",
    "personality": "他是一个表面上看起来有点财迷、生活精打细算、总想翻身、懂得符合时宜的隐忍的“普通(开挂)”修士。但内心深处，他是一个信奉“人不犯我，我不犯人；人若犯我，斩草除根，遇到危机知道跑路，但躲不掉的时候也会拼死一搏”的腹黑老银币。他以守护妹妹、让自己过上好日子为最高行动准则，为此可以不择手段，精于算计。他享受扮猪吃虎的快感，喜欢在心里吐槽一切，总能从危机中寻找到乐子。他知道怜香惜玉，也懂得对敌人冷酷无情，杀伐果断；但对自己的小圈子，却能掏心掏肺，护短到不讲道理。看到众生受苦，也会想出手相助，有些许贤者潜力。有实力但不卖弄，身居高位的时候也能体恤平民，接触过他的底层人会由衷的崇拜他。他最大的秘密，是那份来自异世界的孤独。",
    "abilities": [
      "【轮盘赌】系统（已激活）",
      "【A级】Buff：【修炼资质保底】（效果：修为永远比妹妹高一小层，尚未显现）",
      "【SSSS】Debuff：【家徒四壁】（效果：穷三年，已生效）"
    ],
    "goal": "与妹妹叶雪一同进入玉蟾宗，通过弟子选拔，正式踏上修仙之路，摆脱贫困，并利用【修炼资质保底】的Buff来提升自己。"
  },
  "inventory": [
    {
      "item_name": "破旧的衣物",
      "description": "身上唯一的财产，有多处补丁。"
    }
  ],
  "relationships": [
    {
      "name": "叶雪（雪儿）",
      "relation": "义妹",
      "status": "被叶宇建造的新家和“家人”的承诺打动，彻底放下戒心，认叶宇为兄长。已决定一同前往玉蟾宗，内心对未来充满希望，但仍有些许自卑和怯懦。"
    },
    {
      "name": "赵昊",
      "relation": "玉蟾宗选拔的竞争者（潜在反派）",
      "status": "家境优渥的少年，同样前往玉蟾宗参加选拔。性格倨傲，鄙视平民，在路上与主角相遇，言谈间透露出宗门内关于灵根、内外门弟子、杂役的阶级之分。"
    },
    {
      "name": "执法长老",
      "relation": "尚未出场",
      "status": "玉蟾宗高层，此时与主角毫无交集。"
    },
    {
      "name": "云曦",
      "relation": "未来的情感锚点（圣女）",
      "status": "天枢圣地当代圣女，此时与主角远隔万里，毫无交集。"
    },
    {
      "name": "冰月",
      "relation": "未来的朋友/拯救对象",
      "status": "冰之一族当代圣女，此时与主角远隔万里，毫无交集。"
    }
  ],
  "current_plot_summary": "叶宇利用榫卯结构等现代知识重建茅屋，彻底赢得了叶雪的信任。他正式认叶雪为妹妹，二人结为家人，并确立了共同前往玉蟾宗修仙的目标。在路上，他们遇到了傲慢的富家子弟赵昊，初次了解到修仙世界内部残酷的阶级（灵根、内外门、杂役），这激发了叶宇扮猪吃虎的决心。"
}